language,filename,blank,comment,code,"github.com/AlDanial/cloc v 1.92  T=0.03 s (1024.6 files/s, 71083.3 lines/s)"
COBOL,cics-async-api-redbooks/web-banking/src/WEBHOME.cbl,94,147,361
Java,cics-async-api-redbooks/web-banking/etc/AccountServices/src/banking/CustomerAccounts.java,52,60,232
Markdown,cics-async-api-redbooks/web-banking/README.md,46,0,133
JSP,cics-async-api-redbooks/web-banking/etc/AccountServices/WebContent/CustomerAccounts.jsp,13,10,68
CSS,cics-async-api-redbooks/web-banking/etc/AccountServices/WebContent/theme.css,12,0,60
Java,cics-async-api-redbooks/web-banking/etc/AccountServices/src/banking/BankAccounts.java,21,38,60
COBOL,cics-async-api-redbooks/web-banking/src/ACCTPTNR.cbl,26,29,58
COBOL,cics-async-api-redbooks/web-banking/src/ACCTCURR.cbl,26,30,55
COBOL,cics-async-api-redbooks/web-banking/src/GETNAME.cbl,20,31,51
COBOL,cics-async-api-redbooks/web-banking/src/GETLOAN.cbl,21,30,46
XML,cics-async-api-redbooks/web-banking/etc/AccountServices/.project,0,0,36
XML,cics-async-api-redbooks/web-banking/etc/AccountServicesBundle/.project,0,0,33
XML,cics-async-api-redbooks/web-banking/etc/AsyncRedbooksWebBankingBundle/.project,0,0,30
JSP,cics-async-api-redbooks/web-banking/etc/AccountServices/WebContent/index.jsp,5,0,19
XML,cics-async-api-redbooks/web-banking/etc/AsyncRedbooksWebBankingBundle/META-INF/cics.xml,0,0,17
Markdown,cics-async-api-redbooks/README.md,8,0,14
XML,cics-async-api-redbooks/web-banking/etc/AccountServicesBundle/META-INF/cics.xml,0,0,7
XML,cics-async-api-redbooks/web-banking/etc/AccountServicesBundle/AccountServices.warbundle,0,0,2
XML,cics-async-api-redbooks/web-banking/etc/AsyncRedbooksWebBankingBundle/ACCTCURR.program,0,0,1
XML,cics-async-api-redbooks/web-banking/etc/AsyncRedbooksWebBankingBundle/ACCTPTNR.program,0,0,1
XML,cics-async-api-redbooks/web-banking/etc/AsyncRedbooksWebBankingBundle/ACUR.transaction,0,0,1
XML,cics-async-api-redbooks/web-banking/etc/AsyncRedbooksWebBankingBundle/ASYNCLIB.library,0,0,1
XML,cics-async-api-redbooks/web-banking/etc/AsyncRedbooksWebBankingBundle/GETL.transaction,0,0,1
XML,cics-async-api-redbooks/web-banking/etc/AsyncRedbooksWebBankingBundle/GETLOAN.program,0,0,1
XML,cics-async-api-redbooks/web-banking/etc/AsyncRedbooksWebBankingBundle/GETN.transaction,0,0,1
XML,cics-async-api-redbooks/web-banking/etc/AsyncRedbooksWebBankingBundle/GETNAME.program,0,0,1
XML,cics-async-api-redbooks/web-banking/etc/AsyncRedbooksWebBankingBundle/PTNR.transaction,0,0,1
XML,cics-async-api-redbooks/web-banking/etc/AsyncRedbooksWebBankingBundle/WEBH.transaction,0,0,1
XML,cics-async-api-redbooks/web-banking/etc/AsyncRedbooksWebBankingBundle/WEBHOME.program,0,0,1
SUM,,344,375,1293
